ID;CODIGO_SETOR;NOME_SETOR;ORGAO;ATIVO;CREATED_AT;UPDATED_AT;LOGRADOURO;NUMERO;COMPLEMENTO;BAIRRO;CIDADE;ESTADO;CEP;TELEFONE;EMAIL;LATITUDE;LONGITUDE
1;013.DICREFIS;Diretoria da Cobrança e Recup de Créditos Fiscais;Secretaria da Fazenda;1;;;atualizar endereço;0;complemento do endereço;CENTRO;PALMAS;TO;77062048;63 - 1234-5678;atualizar_email@sefaz.to.gov.br;-10.1689;-483317
2;013.DRREAT;Delegacia Regional de Fiscalização - Alvorada;Secretaria da Fazenda;1;;;atualizar endereço;0;complemento do endereço;CENTRO;ALVORADA;TO;75084220;63 - 1234-5678;atualizar_email@sefaz.to.gov.br;-10.1690;-491244
3;013.POSFISBAL;Posto Fiscal - Balsa;Secretaria da Fazenda;1;;;atualizar endereço;0;complemento do endereço;CENTRO;TOCANTINOPOLIS;TO;77900000;63 - 1234-5678;atualizar_email@sefaz.to.gov.br;-10.1691;-474211
4;013.AGEATBAT;Agência de Atendimento Bandeirantes do Tocantins;Secretaria da Fazenda;1;;;atualizar endereço;0;complemento do endereço;CENTRO;BANDEIRANTES DO TOCANTINS;TO;77783000;63 - 1234-5678;atualizar_email@sefaz.to.gov.br;-10.1692;-48579148
5;013.GEDIAT;Gerência da Dívida Ativa;Secretaria da Fazenda;1;;;atualizar endereço;0;complemento do endereço;CENTRO;PALMAS;TO;77006399;63 - 1234-5678;atualizar_email@sefaz.to.gov.br;-10.1693;-483317
6;013.DRFARA;Delegacia Regional de Fiscalização - Araguaína;Secretaria da Fazenda;1;;;atualizar endereço;0;complemento do endereço;CENTRO;ARAGUAINA;TO;77800000;63 - 1234-5678;atualizar_email@sefaz.to.gov.br;-10.1694;-482072
7;013.AGEATABR;Agência de Atendimento de Abreulândia;Secretaria da Fazenda;1;;;atualizar endereço;0;complemento do endereço;CENTRO;ABREULANDIA;TO;77693000;63 - 1234-5678;atualizar_email@sefaz.to.gov.br;-10.1695;-491558343
8;013.CRAALV;Coordenadoria Regional de Arrecadação - Alvorada;Secretaria da Fazenda;1;;;atualizar endereço;0;complemento do endereço;CENTRO;ALVORADA;TO;77365000;68 - 1234-5678;atualizar_email@sefaz.to.gov.br;-10.1696;-491244
9;013.DRFAGI;Delegacia Regional de Fiscalização - Araguatins;Secretaria da Fazenda;1;;;atualizar endereço;0;complemento do endereço;CENTRO;ARAGUATINS;TO;77800000;63 - 1234-5678;atualizar_email@sefaz.to.gov.br;-10.1697;-481244
10;013.DRRECT;Delegacia Regional de Fiscalização - Colinas do Tocantins;Secretaria da Fazenda;1;;;atualizar endereço;0;complemento do endereço;CENTRO;COLINAS DO TOCANTINS;TO;77760000;63 - 1234-5678;atualizar_email@sefaz.to.gov.br;-10.1698;-484744
11;013.AGEATAGU;Agência de Atendimento de Aguiarnópolis;Secretaria da Fazenda;1;;;atualizar endereço;0;complemento do endereço;CENTRO;AGUIARNOPOLIS;TO;77908000;63 - 1234-5678;atualizar_email@sefaz.to.gov.br;-10.1699;-485244
12;013.AGEATALT;Agência de Atendimento de Aliança do Tocantins;Secretaria da Fazenda;1;;;atualizar endereço;0;complemento do endereço;CENTRO;ALIANCA DO TOCANTINS;TO;77455000;63 - 1234-5678;atualizar_email@sefaz.to.gov.br;-10.1700;-489409096
13;013.DRREG;Delegacia Regional de Fiscalização - Gurupi;Secretaria da Fazenda;1;;;atualizar endereço;0;complemento do endereço;CENTRO;GURUPI;TO;77400000;63 - 1234-5678;atualizar_email@sefaz.to.gov.br;-10.1701;-490686
14;013.DRFMIT;Delegacia Regional de Fiscalização - Miracema;Secretaria da Fazenda;1;;;atualizar endereço;0;complemento do endereço;CENTRO;MIRACEMA DO TOCANTINS;TO;77650000;63 - 1234-5678;atualizar_email@sefaz.to.gov.br;-10.1702;-483944
15;013.AGEATALM;Agência de Atendimento de Almas;Secretaria da Fazenda;1;;;atualizar endereço;0;complemento do endereço;CENTRO;ALMAS;TO;77310000;63 - 1234-5678;atualizar_email@sefaz.to.gov.br;-10.1703;-471702803
16;013.AGECON;Agente de Contratação;Secretaria da Fazenda;1;;;atualizar endereço;0;complemento do endereço;CENTRO;PALMAS;TO;77021681;63 - 1234-5678;atualizar_email@sefaz.to.gov.br;-10.1689;-483317
17;013.CEFIS;Central de Execuções Fiscais;Secretaria da Fazenda;1;;;atualizar endereço;0;complemento do endereço;CENTRO;PALMAS;TO;77001000;63 - 1234-5678;atualizar_email@sefaz.to.gov.br;-10.1689;-483317
18;013.DRFPAL;Delegacia Regional de Fiscalização - Palmas;Secretaria da Fazenda;1;;;atualizar endereço;0;complemento do endereço;CENTRO;PALMAS;TO;77001250;63 - 1234-5678;atualizar_email@sefaz.to.gov.br;-10.1689;-483317
19;013.AGEATALV;Agência de Atendimento de Alvorada;Secretaria da Fazenda;1;;;atualizar endereço;0;complemento do endereço;CENTRO;ALVORADA;TO;77480000;63 - 1234-5678;atualizar_email@sefaz.to.gov.br;-12.4844;-491244
20;013.AGEATANN;Agência de Atendimento de Ananás;Secretaria da Fazenda;1;;;atualizar endereço;0;complemento do endereço;CENTRO;ANANAS;TO;77890000;63 - 1234-5678;atualizar_email@sefaz.to.gov.br;-6.3644;-480744
21;013.POFIBEVI;Posto Fiscal - Bela Vista;Secretaria da Fazenda;1;;;atualizar endereço;0;complemento do endereço;CENTRO;SAO MIGUEL DO TOCANTINS;TO;77925000;63 - 1234-5678;atualizar_email@sefaz.to.gov.br;-5.5744;-475244
22;013.AGEATANG;Agência de Atendimento de Angico;Secretaria da Fazenda;1;;;atualizar endereço;0;complemento do endereço;CENTRO;ANGICO;TO;77895000;63 - 1234-5678;atualizar_email@sefaz.to.gov.br;-6.3893733;-478656722
23;013.CEFIS2;Central de Execuções Fiscais - Gurupi;Secretaria da Fazenda;1;;;atualizar endereço;0;complemento do endereço;CENTRO;GURUPI;TO;77440490;63 - 1234-5678;atualizar_email@sefaz.to.gov.br;-11.7292;-490686
24;013.AGEATARN;Agência de Atendimento de Aparecida do Rio Negro;Secretaria da Fazenda;1;;;atualizar endereço;0;complemento do endereço;CENTRO;APARECIDA DO RIO NEGRO;TO;77620000;63 - 1234-5678;atualizar_email@sefaz.to.gov.br;-9.9513491;-479773786
25;013.AGEATARG;Agência de Atendimento de Aragominas;Secretaria da Fazenda;1;;;atualizar endereço;0;complemento do endereço;CENTRO;ARAGOMINAS;TO;77845000;63 - 1234-5678;atualizar_email@sefaz.to.gov.br;-7.1654101;-48525488
26;013.CRAARA;Coordenadoria Regional de Arrecadação - Araguaína;Secretaria da Fazenda;1;;;atualizar endereço;0;complemento do endereço;CENTRO;ARAGUAINA;TO;77807080;63 - 1234-5678;atualizar_email@sefaz.to.gov.br;-7.191;-482072
27;013.GESICAP;Gerência de Acomp  do SICAP Contábil;Secretaria da Fazenda;1;;;atualizar endereço;0;complemento do endereço;CENTRO;PALMAS;TO;77015642;63 - 1234-5678;atualizar_email@sefaz.to.gov.br;-10.1689;-483317
28;013.CHASCOM;Chefia da Assessoria de Comunicação;Secretaria da Fazenda;1;;;atualizar endereço;0;complemento do endereço;CENTRO;PALMAS;TO;77018502;63 - 1234-5678;atualizar_email@sefaz.to.gov.br;-10.1689;-483317
29;013.SUTES;Superintendência do Tesouro Estadual;Secretaria da Fazenda;1;;;atualizar endereço;0;complemento do endereço;CENTRO;PALMAS;TO;77015318;63 - 1234-5678;atualizar_email@sefaz.to.gov.br;-10.1689;-483317
30;013.GEACONT;Gerência de Acomp Contábil das Unidades Setoriais;Secretaria da Fazenda;1;;;atualizar endereço;0;complemento do endereço;CENTRO;PALMAS;TO;77015704;63 - 1234-5678;atualizar_email@sefaz.to.gov.br;-10.1689;-483317
31;013.GEASC;Gerência de Acomp do Sist Contábil Financeiro;Secretaria da Fazenda;1;;;atualizar endereço;0;complemento do endereço;CENTRO;PALMAS;TO;77022372;63 - 1234-5678;atualizar_email@sefaz.to.gov.br;-10.1689;-483317
32;013.GEALOG;Gerência de Administração e Logística;Secretaria da Fazenda;1;;;atualizar endereço;0;complemento do endereço;CENTRO;PALMAS;TO;77024120;63 - 1234-5678;atualizar_email@sefaz.to.gov.br;-10.1689;-483317
33;013.AGEATARC;Agência de Atendimento de Araguacema;Secretaria da Fazenda;1;;;atualizar endereço;0;complemento do endereço;CENTRO;ARAGUACEMA;TO;77690000;63 - 1234-5678;atualizar_email@sefaz.to.gov.br;-8.8067391;-495560969
34;013.AGEATARU;Agência de Atendimento de Araguaçu;Secretaria da Fazenda;1;;;atualizar endereço;0;complemento do endereço;CENTRO;ARAGUACU;TO;77475000;63 - 1234-5678;atualizar_email@sefaz.to.gov.br;-11.2494;-498244
35;013.AGEATARA;Agência de Atendimento de Araguaína;Secretaria da Fazenda;1;;;atualizar endereço;0;complemento do endereço;CENTRO;ARAGUAINA;TO;77803140;68 - 1234-5678;atualizar_email@sefaz.to.gov.br;-7.191;-482072
36;013.AGEATAGN;Agência de Atendimento de Araguanã;Secretaria da Fazenda;1;;;atualizar endereço;0;complemento do endereço;CENTRO;ARAGUANÃ;TO;77855000;63 - 1234-5678;atualizar_email@sefaz.to.gov.br;-6.5799107;-486428482
37;013.AGEATAGI;Agência de Atendimento de Araguatins;Secretaria da Fazenda;1;;;atualizar endereço;0;complemento do endereço;CENTRO;ARAGUATINS;TO;77950000;63 - 1234-5678;atualizar_email@sefaz.to.gov.br;-5.6489;-481244
38;013.AGEATARP;Agência de Atendimento de Arapoema;Secretaria da Fazenda;1;;;atualizar endereço;0;complemento do endereço;CENTRO;ARAPOEMA;TO;77780000;63 - 1234-5678;atualizar_email@sefaz.to.gov.br;-7.6575001;-490641484
39;013.CRAAGUAT;Coordenadoria Regional de Arrecadação - Araguatins;Secretaria da Fazenda;1;;;atualizar endereço;0;complemento do endereço;CENTRO;ARAGUATINS;TO;77950000;63 - 1234-5678;atualizar_email@sefaz.to.gov.br;-5.6489;-481244
40;013.DRFPTO;Delegacia Regional de Fiscalização - Paraiso;Secretaria da Fazenda;1;;;atualizar endereço;0;complemento do endereço;CENTRO;PARAISO DO TOCANTINS;TO;77500000;63 - 1234-5678;atualizar_email@sefaz.to.gov.br;-10.1756;-488822
41;013.GIRC;Gerência de Implementação de Rotinas Contábeis;Secretaria da Fazenda;1;;;atualizar endereço;0;complemento do endereço;CENTRO;PALMAS;TO;77006638;63 - 1234-5678;atualizar_email@sefaz.to.gov.br;-10.1689;-483317
42;013.AGEATARR;Agência de Atendimento de Arraias;Secretaria da Fazenda;1;;;atualizar endereço;0;complemento do endereço;CENTRO;ARRAIAS;TO;77330000;63 - 1234-5678;atualizar_email@sefaz.to.gov.br;-12.9294;-469394
43;013.AGEATAUG;Agência de Atendimento de Augustinópolis;Secretaria da Fazenda;1;;;atualizar endereço;0;complemento do endereço;CENTRO;AUGUSTINOPOLIS;TO;77980000;63 - 1234-5678;atualizar_email@sefaz.to.gov.br;-5.4689;-478844
44;013.CHASCOM;Chefia da Assessoria de Comunicação;Secretaria da Fazenda;1;;;atualizar endereço;0;complemento do endereço;CENTRO;PALMAS;TO;77016660;63 - 1234-5678;atualizar_email@sefaz.to.gov.br;-10.1689;-483317
45;013.AGEATAUT;Agência de Atendimento de Aurora do Tocantins;Secretaria da Fazenda;1;;;atualizar endereço;0;complemento do endereço;CENTRO;AURORA DO TOCANTINS;TO;77325000;63 - 1234-5678;atualizar_email@sefaz.to.gov.br;-12.71045;-46407604
46;013.AGEATAXT;Agência de Atendimento de Axixá do Tocantins;Secretaria da Fazenda;1;;;atualizar endereço;0;complemento do endereço;CENTRO;AXIXA DO TOCANTINS;TO;77930000;63 - 1234-5678;atualizar_email@sefaz.to.gov.br;-5.6244;-477744
47;013.AGEATBBL;Agência de Atendimento de Babaçulândia;Secretaria da Fazenda;1;;;atualizar endereço;0;complemento do endereço;CENTRO;BABACULANDIA;TO;77870000;63 - 1234-5678;atualizar_email@sefaz.to.gov.br;-7.2244;-477744
48;013.CATF;Chefia da Assessoria Técnica Fazendária;Secretaria da Fazenda;1;;;atualizar endereço;0;complemento do endereço;CENTRO;PALMAS;TO;77270000;63 - 1234-5678;atualizar_email@sefaz.to.gov.br;-10.1689;-483317
49;013.GEALMO;Gerência de Almoxarifado;Secretaria da Fazenda;1;;;atualizar endereço;0;complemento do endereço;CENTRO;PALMAS;TO;77500000;63 - 1234-5678;atualizar_email@sefaz.to.gov.br;-10.1689;-483317
50;013.AGEATBAR;Agência de Atendimento de Barrolândia;Secretaria da Fazenda;1;;;atualizar endereço;0;complemento do endereço;CENTRO;BARROLANDIA;TO;77665000;63 - 1234-5678;atualizar_email@sefaz.to.gov.br;-9.837246;-487264346
51;013.AGEATBES;Agência de Atendimento de Bernardo Sayão;Secretaria da Fazenda;1;;;atualizar endereço;0;complemento do endereço;CENTRO;BERNARDO SAYAO;TO;77755000;63 - 1234-5678;atualizar_email@sefaz.to.gov.br;-7.8794244;-488968905
52;013.AGEATBJT;Agência de Atendimento de Bom Jesus do Tocantins;Secretaria da Fazenda;1;;;atualizar endereço;0;complemento do endereço;CENTRO;BOM JESUS DO TOCANTINS;TO;77714000;63 - 1234-5678;atualizar_email@sefaz.to.gov.br;-8.96306;-48165043
53;013.CRACOL;Coordenadoria Regional de Arrecadação - Colinas;Secretaria da Fazenda;1;;;atualizar endereço;0;complemento do endereço;CENTRO;COLINAS DO TOCANTINS;TO;77760000;63 - 1234-5678;atualizar_email@sefaz.to.gov.br;-8.0594;-484744
54;013.CHECOM;Chefia de Assessoria de Comunicação;Secretaria da Fazenda;1;;;atualizar endereço;0;complemento do endereço;CENTRO;PALMAS;TO;77016352;63 - 1234-5678;atualizar_email@sefaz.to.gov.br;-10.1689;-483317
55;013.DIEFAZ;Diretoria da Escola Fazendária;Secretaria da Fazenda;1;;;atualizar endereço;0;complemento do endereço;CENTRO;PALMAS;TO;77024690;63 - 1234-5678;atualizar_email@sefaz.to.gov.br;-10.1689;-483317
56;013.GEAPRO;Gerência de Análise Processual;Secretaria da Fazenda;1;;;atualizar endereço;0;complemento do endereço;CENTRO;PALMAS;TO;77006086;63 - 1234-5678;atualizar_email@sefaz.to.gov.br;-10.1689;-483317
57;013.AGEATBRT;Agência de Atendimento de Brasilândia do Tocantins;Secretaria da Fazenda;1;;;atualizar endereço;0;complemento do endereço;CENTRO;BRASILANDIA DO TOCANTINS;TO;77735000;63 - 1234-5678;atualizar_email@sefaz.to.gov.br;-8.3886619;-484842729
58;013.GEAPO;Gerência de Apoio;Secretaria da Fazenda;1;;;atualizar endereço;0;complemento do endereço;CENTRO;PALMAS;TO;77019427;63 - 1234-5678;atualizar_email@sefaz.to.gov.br;-10.1689;-483317
59;013.GEAR;Gerência de Arrecadação;Secretaria da Fazenda;1;;;atualizar endereço;0;complemento do endereço;CENTRO;PALMAS;TO;77022012;63 - 1234-5678;atualizar_email@sefaz.to.gov.br;-10.1689;-483317
60;013.AGEATBRN;Agência de Atendimento de Brejinho de Nazaré;Secretaria da Fazenda;1;;;atualizar endereço;0;complemento do endereço;CENTRO;BREJINHO DE NAZARE;TO;77560000;63 - 1234-5678;atualizar_email@sefaz.to.gov.br;-11.0138265;-48564626
61;013.DRREPA;Delegacia Regional de Fiscalização - Pedro Afonso;Secretaria da Fazenda;1;;;atualizar endereço;0;complemento do endereço;CENTRO;PEDRO AFONSO;TO;77710000;63 - 1234-5678;atualizar_email@sefaz.to.gov.br;-8.9694;-481744
62;013.GEAUFIS;Gerência de Automação Fiscal;Secretaria da Fazenda;1;;;atualizar endereço;0;complemento do endereço;CENTRO;PALMAS;TO;77015710;68 - 1234-5678;atualizar_email@sefaz.to.gov.br;-10.1689;-483317
63;013.AGEATBUT;Agência de Atendimento de Buriti do Tocantins;Secretaria da Fazenda;1;;;atualizar endereço;0;complemento do endereço;CENTRO;BURITI DO TOCANTINS;TO;77995000;63 - 1234-5678;atualizar_email@sefaz.to.gov.br;;
64;013.AGEATCAL;Agência de Atendimento de Campos Lindos;Secretaria da Fazenda;1;;;atualizar endereço;0;complemento do endereço;CENTRO;CAMPOS LINDOS;TO;77777000;63 - 1234-5678;atualizar_email@sefaz.to.gov.br;-8.0744;-468744
65;013.AGEATCRR;Agência de Atendimento de Cariri do Tocantins;Secretaria da Fazenda;1;;;atualizar endereço;0;complemento do endereço;CENTRO;CARIRI DO TOCANTINS;TO;77453000;63 - 1234-5678;atualizar_email@sefaz.to.gov.br;-11.8882727;-491604216
66;013.ASAP;Assessoria de Análises e Pesquisas;Secretaria da Fazenda;1;;;atualizar endereço;0;complemento do endereço;CENTRO;PALMAS;TO;77021681;63 - 1234-5678;atualizar_email@sefaz.to.gov.br;-10.1689;-483317
67;013.AGEATCAR;Agência de Atendimento de Carmolândia;Secretaria da Fazenda;1;;;atualizar endereço;0;complemento do endereço;CENTRO;CARMOLANDIA;TO;77840000;63 - 1234-5678;atualizar_email@sefaz.to.gov.br;-7.033804;-483951295
68;013.AGEATCAS;Agência de Atendimento de Caseara;Secretaria da Fazenda;1;;;atualizar endereço;0;complemento do endereço;CENTRO;CASEARA;TO;77680000;63 - 1234-5678;atualizar_email@sefaz.to.gov.br;-9.273159;-499576837
69;013.AGEATCOL;Agência de Atendimento de Colinas do Tocantins;Secretaria da Fazenda;1;;;atualizar endereço;0;complemento do endereço;CENTRO;COLINAS DO TOCANTINS;TO;77760000;63 - 1234-5678;atualizar_email@sefaz.to.gov.br;-8.0594;-484744
70;013.SUPEFE;Superintendência de Enfret a Frau Fis Estruturadas;Secretaria da Fazenda;1;;;atualizar endereço;0;complemento do endereço;CENTRO;PALMAS;TO;77015288;63 - 1234-5678;atualizar_email@sefaz.to.gov.br;-10.1689;-483317
71;013.DIREC;Diretoria da Receita;Secretaria da Fazenda;1;;;atualizar endereço;0;complemento do endereço;CENTRO;PALMAS;TO;77023384;63 - 1234-5678;atualizar_email@sefaz.to.gov.br;-10.1689;-483317
72;013.ASGAB;Assessoria de Gabinete II - Gab do Secretário;Secretaria da Fazenda;1;;;atualizar endereço;0;complemento do endereço;CENTRO;PALMAS;TO;77020570;63 - 1234-5678;atualizar_email@sefaz.to.gov.br;-10.1689;-483317
73;013.GEBAD;Gerência de Banco de Dados;Secretaria da Fazenda;1;;;atualizar endereço;0;complemento do endereço;CENTRO;PALMAS;TO;77006500;63 - 1234-5678;atualizar_email@sefaz.to.gov.br;-10.1689;-483317
74;013.AGEATCML;Agência de Atendimento de Colméia;Secretaria da Fazenda;1;;;atualizar endereço;0;complemento do endereço;CENTRO;COLMEIA;TO;77725000;63 - 1234-5678;atualizar_email@sefaz.to.gov.br;-8.1244;-487244
75;013.GEBEFI;Gerência de Benefícios Fiscais;Secretaria da Fazenda;1;;;atualizar endereço;0;complemento do endereço;CENTRO;PALMAS;TO;77022392;63 - 1234-5678;atualizar_email@sefaz.to.gov.br;-10.1689;-483317
76;013.AGEATCBN;Agência de Atendimento de Combinado;Secretaria da Fazenda;1;;;atualizar endereço;0;complemento do endereço;CENTRO;COMBINADO;TO;77350000;63 - 1234-5678;atualizar_email@sefaz.to.gov.br;-12.8136581;-465461041
77;013.AGEATCOT;Agência de Atendimento de Conceição do Tocantins;Secretaria da Fazenda;1;;;atualizar endereço;0;complemento do endereço;CENTRO;CONCEICAO DO TOCANTINS;TO;77305000;63 - 1234-5678;atualizar_email@sefaz.to.gov.br;-12.220874;-47295103
78;013.GECAD;Gerência de Cadastro;Secretaria da Fazenda;1;;;atualizar endereço;0;complemento do endereço;CENTRO;PALMAS;TO;77006070;63 - 1234-5678;atualizar_email@sefaz.to.gov.br;-10.1689;-483317
79;013.SAF;Superintendência de Administração e Finanças;Secretaria da Fazenda;1;;;atualizar endereço;0;complemento do endereço;CENTRO;PALMAS;TO;77020556;63 - 1234-5678;atualizar_email@sefaz.to.gov.br;-10.1689;-483317
80;013.AGEATCOM;Agência de Atendimento de Couto Magalhães;Secretaria da Fazenda;1;;;atualizar endereço;0;complemento do endereço;CENTRO;COUTO MAGALHAES;TO;77750000;63 - 1234-5678;atualizar_email@sefaz.to.gov.br;-8.2944;-482744
81;013.AGEATCRI;Agência de Atendimento de Cristalãndia;Secretaria da Fazenda;1;;;atualizar endereço;0;complemento do endereço;CENTRO;CRISTALÂNDIA;TO;77490000;63 - 1234-5678;atualizar_email@sefaz.to.gov.br;-10.5994;-491744
82;013.CRAMIRAC;Coordenadoria Regional de Administração - Miracema;Secretaria da Fazenda;1;;;atualizar endereço;0;complemento do endereço;CENTRO;MIRACEMA DO TOCANTINS;TO;77650000;63 - 1234-5678;atualizar_email@sefaz.to.gov.br;-9.5644;-483944
83;013.AGEATDAR;Agência de Atendimento de Darcinópolis;Secretaria da Fazenda;1;;;atualizar endereço;0;complemento do endereço;CENTRO;DARCINOPOLIS;TO;77910000;63 - 1234-5678;atualizar_email@sefaz.to.gov.br;-6.7085964;-477524283
84;013.AGEATDIA;Agência de Atendimento de Dianópolis;Secretaria da Fazenda;1;;;atualizar endereço;0;complemento do endereço;CENTRO;DIANOPOLIS;TO;77300000;63 - 1234-5678;atualizar_email@sefaz.to.gov.br;-11.6244;-468194
85;013.AGEATDIV;Agência de Atendimento de Divinópolis do Tocantins;Secretaria da Fazenda;1;;;atualizar endereço;0;complemento do endereço;CENTRO;DIVINOPOLIS DO TOCANTINS;TO;77670000;63 - 1234-5678;atualizar_email@sefaz.to.gov.br;-9.8015722;-492143531
86;013.ASGAB III;Assessoria de Gabinete III - Gab do Sec Ex Tesouro;Secretaria da Fazenda;1;;;atualizar endereço;0;complemento do endereço;CENTRO;PALMAS;TO;77006066;63 - 1234-5678;atualizar_email@sefaz.to.gov.br;-10.1689;-483317
87;013.GERCOBR;Gerência de Cobrança;Secretaria da Fazenda;1;;;atualizar endereço;0;complemento do endereço;CENTRO;PALMAS;TO;77380000;63 - 1234-5678;atualizar_email@sefaz.to.gov.br;-10.1689;-483317
88;013.AGEATDOI;Agência de Atendimento de Dois irmãos do Tocantins;Secretaria da Fazenda;1;;;atualizar endereço;0;complemento do endereço;CENTRO;DOIS IRMÃOS DO TOCANTINS;TO;77685000;63 - 1234-5678;atualizar_email@sefaz.to.gov.br;-9.2539897;-490665558
89;013.AGEATDUE;Agência de Atendimento de Dueré;Secretaria da Fazenda;1;;;atualizar endereço;0;complemento do endereço;CENTRO;DUERE;TO;77400000;68 - 1234-5678;atualizar_email@sefaz.to.gov.br;-11.341631;-49271566
90;013.GECOM;Gerência de Compras;Secretaria da Fazenda;1;;;atualizar endereço;0;complemento do endereço;CENTRO;PALMAS;TO;77020086;63 - 1234-5678;atualizar_email@sefaz.to.gov.br;-10.1689;-483317
91;013.AGEATFAT;Agência de Atendimento de Fátima;Secretaria da Fazenda;1;;;atualizar endereço;0;complemento do endereço;CENTRO;FATIMA;TO;77555000;63 - 1234-5678;atualizar_email@sefaz.to.gov.br;-10.7575656;-489031328
92;013.AGEATFIG;Agência de Atendimento de Figueirópolis;Secretaria da Fazenda;1;;;atualizar endereço;0;complemento do endereço;CENTRO;FIGUEIROPOLIS;TO;77465000;63 - 1234-5678;atualizar_email@sefaz.to.gov.br;-12.1344;-491744
93;013.AGEATFID;Agência de Atendimento de Filadélfia;Secretaria da Fazenda;1;;;atualizar endereço;0;complemento do endereço;CENTRO;FILADELFIA;TO;77795000;63 - 1234-5678;atualizar_email@sefaz.to.gov.br;-7.3344;-474744
94;013.POFICOMA;Posto Fiscal - Couto Magalhaes;Secretaria da Fazenda;1;;;atualizar endereço;0;complemento do endereço;CENTRO;COUTO MAGALHAES;TO;77750000;63 - 1234-5678;atualizar_email@sefaz.to.gov.br;-8.2944;-482744
95;013.AGEATFOA;Agência de Atendimento de Formoso do Araguaia;Secretaria da Fazenda;1;;;atualizar endereço;0;complemento do endereço;CENTRO;FORMOSO DO ARAGUAIA;TO;77470000;63 - 1234-5678;atualizar_email@sefaz.to.gov.br;-11.7994;-495294
96;013.CRAPEDRA;Coordenadoria Regional de Administração - Pedro Afonso;Secretaria da Fazenda;1;;;atualizar endereço;0;complemento do endereço;CENTRO;PEDRO AFONSO;TO;77710000;63 - 1234-5678;atualizar_email@sefaz.to.gov.br;-8.9694;-481744
97;013.CAGEF;Chefia de Assessoria de Gestão dos Fundos;Secretaria da Fazenda;1;;;atualizar endereço;0;complemento do endereço;CENTRO;PALMAS;TO;77020494;63 - 1234-5678;atualizar_email@sefaz.to.gov.br;-10.1689;-483317
98;013.AGEATGOI;Agência de Atendimento de Goianorte;Secretaria da Fazenda;1;;;atualizar endereço;0;complemento do endereço;CENTRO;GOIANORTE;TO;77695000;63 - 1234-5678;atualizar_email@sefaz.to.gov.br;-8.7720092;-489340879
99;013.AGEATGOT;Agência de Atendimento de Goiatins;Secretaria da Fazenda;1;;;atualizar endereço;0;complemento do endereço;CENTRO;GOIATINS;TO;77770000;63 - 1234-5678;atualizar_email@sefaz.to.gov.br;-7.7132054;-473154841
100;013.AGEATGUA;Agência de Atendimento de Guaraí;Secretaria da Fazenda;1;;;atualizar endereço;0;complemento do endereço;CENTRO;GUARAI;TO;77700000;63 - 1234-5678;atualizar_email@sefaz.to.gov.br;-8.835429;-48511432
101;013.AGEATGUR;Agência de Atendimento de Gurupi;Secretaria da Fazenda;1;;;atualizar endereço;0;complemento do endereço;CENTRO;GURUPI;TO;77410070;63 - 1234-5678;atualizar_email@sefaz.to.gov.br;-11.7292;-490686
102;013.AGEATITA;Agência de Atendimento de Itacajá;Secretaria da Fazenda;1;;;atualizar endereço;0;complemento do endereço;CENTRO;ITACAJA;TO;77720000;63 - 1234-5678;atualizar_email@sefaz.to.gov.br;-8.392935;-47772615
103;013.AGEATITG;Agência de Atendimento de Itaguatins;Secretaria da Fazenda;1;;;atualizar endereço;0;complemento do endereço;CENTRO;ITAGUATINS;TO;77920000;63 - 1234-5678;atualizar_email@sefaz.to.gov.br;-5.7696766;-474815382
104;013.AGEATITP;Agência de Atendimento de Itapiratins;Secretaria da Fazenda;1;;;atualizar endereço;0;complemento do endereço;CENTRO;ITAPIRATINS;TO;77718000;63 - 1234-5678;atualizar_email@sefaz.to.gov.br;-8.3832116;-481054968
105;013.GECAS;Gerência de Controle de Acesso ao Siafe;Secretaria da Fazenda;1;;;atualizar endereço;0;complemento do endereço;CENTRO;PALMAS;TO;77006508;63 - 1234-5678;atualizar_email@sefaz.to.gov.br;-10.1689;-483317
106;013.GEARPRO;Gerência de Controle e Acomp de Processos;Secretaria da Fazenda;1;;;atualizar endereço;0;complemento do endereço;CENTRO;PALMAS;TO;77502000;63 - 1234-5678;atualizar_email@sefaz.to.gov.br;-10.1689;-483317
107;013.DRFPNA;Delegacia Regional de Fiscalização - Porto Nacional;Secretaria da Fazenda;1;;;atualizar endereço;0;complemento do endereço;CENTRO;PORTO NACIONAL;TO;77500000;63 - 1234-5678;atualizar_email@sefaz.to.gov.br;-10.7019786;-484110952
108;013.DIANP;Diretoria de Acomp, Normas e Procedimentos;Secretaria da Fazenda;1;;;atualizar endereço;0;complemento do endereço;CENTRO;PALMAS;TO;77006450;63 - 1234-5678;atualizar_email@sefaz.to.gov.br;;-101689
109;013.AGEATITT;Agência de Atendimento de Itaporã do Tocantins;Secretaria da Fazenda;1;;;atualizar endereço;0;complemento do endereço;CENTRO;ITAPORA DO TOCANTINS;TO;77740000;63 - 1234-5678;atualizar_email@sefaz.to.gov.br;-8.571722;-48689481
110;013.COFAZ;Corregedoria Fazendária;Secretaria da Fazenda;1;;;atualizar endereço;0;complemento do endereço;CENTRO;PALMAS;TO;77016418;63 - 1234-5678;atualizar_email@sefaz.to.gov.br;-10.1689;-483317
111;013.AGEATJAT;Agência de Atendimento de Jaú do Tocantins;Secretaria da Fazenda;1;;;atualizar endereço;0;complemento do endereço;CENTRO;JAU DO TOCANTINS;TO;77390000;63 - 1234-5678;atualizar_email@sefaz.to.gov.br;-12.6526649;-485922532
112;013.AGEATLAC;Agência de Atendimento de Lagoa da Confusão;Secretaria da Fazenda;1;;;atualizar endereço;0;complemento do endereço;CENTRO;LAGOA DA CONFUSAO;TO;77483000;63 - 1234-5678;atualizar_email@sefaz.to.gov.br;-10.7883045;-496224431
113;013.GECEC-TO;Gerência de Cotação Eletrônica - Compras-TO;Secretaria da Fazenda;1;;;atualizar endereço;0;complemento do endereço;CENTRO;PALMAS;TO;77022048;63 - 1234-5678;atualizar_email@sefaz.to.gov.br;-10.1689;-483317
114;013.AGEATLAT;Agência de Atendimento de Lagoa do Tocantins;Secretaria da Fazenda;1;;;atualizar endereço;0;complemento do endereço;CENTRO;LAGOA DO TOCANTINS;TO;77613000;63 - 1234-5678;atualizar_email@sefaz.to.gov.br;-10.2967881;-47566253
115;013.GEDENT;Gerência de Débitos não Tributários;Secretaria da Fazenda;1;;;atualizar endereço;0;complemento do endereço;CENTRO;PALMAS;TO;77001000;63 - 1234-5678;atualizar_email@sefaz.to.gov.br;-10.1689;-483317
116;013.AGEATLAG;Agência de Atendimento de Lajeado;Secretaria da Fazenda;1;;;atualizar endereço;0;complemento do endereço;CENTRO;LAJEADO;TO;77645000;68 - 1234-5678;atualizar_email@sefaz.to.gov.br;-9.7548945;-483563706
117;013.AGEATMAE;Agência de Atendimento de Mateiros;Secretaria da Fazenda;1;;;atualizar endereço;0;complemento do endereço;CENTRO;MATEIROS;TO;77593000;63 - 1234-5678;atualizar_email@sefaz.to.gov.br;-10.5462254;-46417423
118;013.AGEATMIT;Agência de Atendimento de Miracema do Tocantins;Secretaria da Fazenda;1;;;atualizar endereço;0;complemento do endereço;CENTRO;MIRACEMA DO TOCANTINS;TO;77650000;63 - 1234-5678;atualizar_email@sefaz.to.gov.br;-9.5644;-483944
119;013.DAJUC;Diretoria de Acompanhamento Judicial-Criminal;Secretaria da Fazenda;1;;;atualizar endereço;0;complemento do endereço;CENTRO;PALMAS;TO;75096300;63 - 1234-5678;atualizar_email@sefaz.to.gov.br;-10.1689;-483317
120;013.CRADAGI;Coordenadoria Regional de Administração - Araguatins;Secretaria da Fazenda;1;;;atualizar endereço;0;complemento do endereço;CENTRO;ARAGUATINS;TO;77950000;63 - 1234-5678;atualizar_email@sefaz.to.gov.br;-5.6489;-481244
121;013.AGEATMIR;Agência de Atendimento de Miranorte;Secretaria da Fazenda;1;;;atualizar endereço;0;complemento do endereço;CENTRO;MIRANORTE;TO;77660000;63 - 1234-5678;atualizar_email@sefaz.to.gov.br;-9.529068;-48592222
122;013.AGEATMTC;Agência de Atendimento de Monte do Carmo;Secretaria da Fazenda;1;;;atualizar endereço;0;complemento do endereço;CENTRO;MONTE DO CARMO;TO;77585000;63 - 1234-5678;atualizar_email@sefaz.to.gov.br;-10.7647456;-481121813
123;013.DAF;Diretoria de Administração e Finanças;Secretaria da Fazenda;1;;;atualizar endereço;0;complemento do endereço;CENTRO;PALMAS;TO;77021070;63 - 1234-5678;atualizar_email@sefaz.to.gov.br;-10.1689;-483317
124;013.ASGEST;Assessoria de Gestão Estratégica (PROFISCO);Secretaria da Fazenda;1;;;atualizar endereço;0;complemento do endereço;CENTRO;PALMAS;TO;77023366;63 - 1234-5678;atualizar_email@sefaz.to.gov.br;-10.1689;-483317
125;013.AGEATMOT;Agência de Atendimento de Monte Santo do Tocantins;Secretaria da Fazenda;1;;;atualizar endereço;0;complemento do endereço;CENTRO;MONTE SANTO;TO;77600000;63 - 1234-5678;atualizar_email@sefaz.to.gov.br;-10.0051944;-489927531
126;013.GEDEC;Gerência de Demonstrações Contábeis;Secretaria da Fazenda;1;;;atualizar endereço;0;complemento do endereço;CENTRO;PALMAS;TO;77019020;63 - 1234-5678;atualizar_email@sefaz.to.gov.br;-10.1689;-483317
127;013.GEDEC;Gerência de Demonstrações Contábeis;Secretaria da Fazenda;1;;;atualizar endereço;0;complemento do endereço;CENTRO;PALMAS;TO;77015636;63 - 1234-5678;atualizar_email@sefaz.to.gov.br;-10.1689;-483317
128;013.AGEATMUR;Agência de Atendimento de Muricilãndia;Secretaria da Fazenda;1;;;atualizar endereço;0;complemento do endereço;CENTRO;MURICILANDIA;TO;77850000;63 - 1234-5678;atualizar_email@sefaz.to.gov.br;-7.14669;-48609135
129;013.POSFISEST;Posto Fiscal - Estreito;Secretaria da Fazenda;1;;;atualizar endereço;0;complemento do endereço;CENTRO;AGUIARNOPOLIS;TO;77908000;63 - 1234-5678;atualizar_email@sefaz.to.gov.br;-5.5644;-485244
130;013.GEFOR;Gerência de e-Fornecedores;Secretaria da Fazenda;1;;;atualizar endereço;0;complemento do endereço;CENTRO;PALMAS;TO;77023032;63 - 1234-5678;atualizar_email@sefaz.to.gov.br;-10.1689;-483317
131;013.AGEATNAT;Agência de Atendimento de Natividade;Secretaria da Fazenda;1;;;atualizar endereço;0;complemento do endereço;CENTRO;NATIVIDADE;TO;77370000;63 - 1234-5678;atualizar_email@sefaz.to.gov.br;-11.7089881;-477284165
132;013.GIRC;Gerência de Implementação de Rotinas Contábeis;Secretaria da Fazenda;1;;;atualizar endereço;0;complemento do endereço;CENTRO;PALMAS;TO;77006652;63 - 1234-5678;atualizar_email@sefaz.to.gov.br;-10.1689;-483317
133;013.GELDFIS;Gerência de Elaboração de Demons Fiscais;Secretaria da Fazenda;1;;;atualizar endereço;0;complemento do endereço;CENTRO;PALMAS;TO;77001000;63 - 1234-5678;atualizar_email@sefaz.to.gov.br;-10.1689;-483317
134;013.GABSEC;Gabinete do Secretário;Secretaria da Fazenda;1;;;atualizar endereço;0;complemento do endereço;CENTRO;PALMAS;TO;77023594;63 - 1234-5678;atualizar_email@sefaz.to.gov.br;-10.1689;-483317
135;013.AGEATNAZ;Agência de Atendimento de Nazaré;Secretaria da Fazenda;1;;;atualizar endereço;0;complemento do endereço;CENTRO;NAZARE;TO;77895000;63 - 1234-5678;atualizar_email@sefaz.to.gov.br;-6.3733313;-476632702
136;013.GELED;Gerência de Elaboração de Editais;Secretaria da Fazenda;1;;;atualizar endereço;0;complemento do endereço;CENTRO;PALMAS;TO;77015630;63 - 1234-5678;atualizar_email@sefaz.to.gov.br;-10.1689;-483317
137;013.AGEATNOO;Agência de Atendimento de Nova Olinda;Secretaria da Fazenda;1;;;atualizar endereço;0;complemento do endereço;CENTRO;NOVA OLINDA;TO;77790000;63 - 1234-5678;atualizar_email@sefaz.to.gov.br;-7.631712;-48425232
138;013.AGEATNRO;Agência de Atendimento de Nova Rosalândia;Secretaria da Fazenda;1;;;atualizar endereço;0;complemento do endereço;CENTRO;NOVA ROSALANDIA;TO;77495000;63 - 1234-5678;atualizar_email@sefaz.to.gov.br;-10.565102;-48912477
139;013.GEORF;Gerência de Execução Orçamentária e Financeira;Secretaria da Fazenda;1;;;atualizar endereço;0;complemento do endereço;CENTRO;PALMAS;TO;77023526;63 - 1234-5678;atualizar_email@sefaz.to.gov.br;-10.1689;-483317
140;013.SUTIF;Superintendência de Tecnol e Inov Fazendária;Secretaria da Fazenda;1;;;atualizar endereço;0;complemento do endereço;CENTRO;PALMAS;TO;77006798;63 - 1234-5678;atualizar_email@sefaz.to.gov.br;-10.1689;-483317
141;013.AGEATNAC;Agência de Atendimento de Novo Acordo;Secretaria da Fazenda;1;;;atualizar endereço;0;complemento do endereço;CENTRO;NOVO ACORDO;TO;77001566;63 - 1234-5678;atualizar_email@sefaz.to.gov.br;-9.964658;-476762804
142;013.AGEATNAL;Agência de Atendimento de Novo Alegre;Secretaria da Fazenda;1;;;atualizar endereço;0;complemento do endereço;CENTRO;NOVO ALEGRE;TO;77353000;63 - 1234-5678;atualizar_email@sefaz.to.gov.br;-12.915134;-465740939
143;013.CRADALV;Coordenadoria Regional de Administração - Alvorada;Secretaria da Fazenda;1;;;atualizar endereço;0;complemento do endereço;CENTRO;ALVORADA;TO;77480000;68 - 1234-5678;atualizar_email@sefaz.to.gov.br;-12.4844;-491244
144;013.DAMIJU;Diretoria de Aval e Mitig de Impa de Dema Judicial;Secretaria da Fazenda;1;;;atualizar endereço;0;complemento do endereço;CENTRO;PALMAS;TO;77006356;63 - 1234-5678;atualizar_email@sefaz.to.gov.br;-10.1689;-483317
145;013.AGEATNJA;Agência de Atendimento de Novo Jardim;Secretaria da Fazenda;1;;;atualizar endereço;0;complemento do endereço;CENTRO;DIANOPOLIS;TO;77300000;63 - 1234-5678;atualizar_email@sefaz.to.gov.br;-11.6244;-468194
146;013.AGEATPAL;Agência de Atendimento de Palmas;Secretaria da Fazenda;1;;;atualizar endereço;0;complemento do endereço;CENTRO;PALMAS;TO;77019098;63 - 1234-5678;atualizar_email@sefaz.to.gov.br;-10.1689;-483317
147;013.AGEATPAT;Agência de Atendimento de Palmeiras do Tocantins;Secretaria da Fazenda;1;;;atualizar endereço;0;complemento do endereço;CENTRO;PALMEIRAS DO TOCANTINS;TO;77908000;63 - 1234-5678;atualizar_email@sefaz.to.gov.br;-6.6096035;-47546399
148;013.POFIPADA;Posto Fiscal - Pau Darco;Secretaria da Fazenda;1;;;atualizar endereço;0;complemento do endereço;CENTRO;PAU DARCO;TO;77785000;63 - 1234-5678;atualizar_email@sefaz.to.gov.br;-7.6139988;-493601703
149;013.GEFISTRA;Gerência de Fisc de Trânsito e Postos Fiscais;Secretaria da Fazenda;1;;;atualizar endereço;0;complemento do endereço;CENTRO;PALMAS;TO;77001000;63 - 1234-5678;atualizar_email@sefaz.to.gov.br;-10.1689;-483317
150;013.DICOM;Diretoria de Compras;Secretaria da Fazenda;1;;;atualizar endereço;0;complemento do endereço;CENTRO;PALMAS;TO;77001000;63 - 1234-5678;atualizar_email@sefaz.to.gov.br;-10.1689;-483317
151;013.CRADARA;Coordenadoria Regional de Administração - Araguaína;Secretaria da Fazenda;1;;;atualizar endereço;0;complemento do endereço;CENTRO;ARAGUAINA;TO;77820220;63 - 1234-5678;atualizar_email@sefaz.to.gov.br;-7.191;-482072
152;013.AGEATPME;Agência de Atendimento de Palmeirópolis;Secretaria da Fazenda;1;;;atualizar endereço;0;complemento do endereço;CENTRO;PALMEIROPOLIS;TO;77365000;63 - 1234-5678;atualizar_email@sefaz.to.gov.br;-13.0428105;-484065223
153;013.AGEATPTO;Agência de Atendimento de Paraiso do Tocantins;Secretaria da Fazenda;1;;;atualizar endereço;0;complemento do endereço;CENTRO;PARAISO DO TOCANTINS;TO;77600000;63 - 1234-5678;atualizar_email@sefaz.to.gov.br;-10.1756;-488822
154;013.AGEATPAR;Agência de Atendimento de Paranã;Secretaria da Fazenda;1;;;atualizar endereço;0;complemento do endereço;CENTRO;PARANA;TO;77360000;63 - 1234-5678;atualizar_email@sefaz.to.gov.br;-12.616747;-47873378
155;013.CRADCOL;Coordenadoria Regional de Administração - Colinas;Secretaria da Fazenda;1;;;atualizar endereço;0;complemento do endereço;CENTRO;COLINAS DO TOCANTINS;TO;77760000;63 - 1234-5678;atualizar_email@sefaz.to.gov.br;-8.0594;-484744
156;013.AGEATPDR;Agência de Atendimento de Pau D´arco;Secretaria da Fazenda;1;;;atualizar endereço;0;complemento do endereço;CENTRO;PAU DARCO;TO;77785000;63 - 1234-5678;atualizar_email@sefaz.to.gov.br;-7.6139988;-493601703
157;013.SUATRI;Superintendência de Administração Tributária;Secretaria da Fazenda;1;;;atualizar endereço;0;complemento do endereço;CENTRO;PALMAS;TO;70000000;63 - 1234-5678;atualizar_email@sefaz.to.gov.br;-10.1689;-483317
158;013.AGEATPEF;Agência de Atendimento de Pedro Afonso;Secretaria da Fazenda;1;;;atualizar endereço;0;complemento do endereço;CENTRO;PEDRO AFONSO;TO;77700000;63 - 1234-5678;atualizar_email@sefaz.to.gov.br;-8.9694;-481744
159;013.POFISEGE;Posto Fiscal - Serra Geral;Secretaria da Fazenda;1;;;atualizar endereço;0;complemento do endereço;CENTRO;PALMAS;TO;77260000;63 - 1234-5678;atualizar_email@sefaz.to.gov.br;-10.1689;-483317
160;013.GEFISEST;Gerência de Fiscalização de Estabelecimentos;Secretaria da Fazenda;1;;;atualizar endereço;0;complemento do endereço;CENTRO;PALMAS;TO;77021681;63 - 1234-5678;atualizar_email@sefaz.to.gov.br;-10.1689;-483317
161;013.DICONTS;Diretoria de Contabilidade Setorial;Secretaria da Fazenda;1;;;atualizar endereço;0;complemento do endereço;CENTRO;PALMAS;TO;77059032;63 - 1234-5678;atualizar_email@sefaz.to.gov.br;-10.1689;-483317
162;013.AGEATPEI;Agência de Atendimento de Peixe;Secretaria da Fazenda;1;;;atualizar endereço;0;complemento do endereço;CENTRO;PEIXE;TO;77460000;63 - 1234-5678;atualizar_email@sefaz.to.gov.br;-12.0390993;-485392455
163;013.GEIMC;Gerência de Implantação de Custos;Secretaria da Fazenda;1;;;atualizar endereço;0;complemento do endereço;CENTRO;PALMAS;TO;77001000;63 - 1234-5678;atualizar_email@sefaz.to.gov.br;-10.1689;-483317
164;013.GEINFEC;Gerência de Informações Econômico-Fiscais;Secretaria da Fazenda;1;;;atualizar endereço;0;complemento do endereço;CENTRO;PALMAS;TO;77015625;63 - 1234-5678;atualizar_email@sefaz.to.gov.br;-10.1689;-483317
165;013.DICUS;Diretoria de Custos;Secretaria da Fazenda;1;;;atualizar endereço;0;complemento do endereço;CENTRO;PALMAS;TO;77015471;63 - 1234-5678;atualizar_email@sefaz.to.gov.br;-10.1689;-483317
166;013.CRADPAL;Coordenadoria Regional de Administração - Palmas;Secretaria da Fazenda;1;;;atualizar endereço;0;complemento do endereço;CENTRO;PALMAS;TO;77270000;63 - 1234-5678;atualizar_email@sefaz.to.gov.br;-10.1689;-483317
167;013.AGEATPEQ;Agência de Atendimento de Pequizeiro;Secretaria da Fazenda;1;;;atualizar endereço;0;complemento do endereço;CENTRO;PEQUIZEIRO;TO;77730000;63 - 1234-5678;atualizar_email@sefaz.to.gov.br;-8.594846;-489332775
168;013.POSFISTAL;Posto Fiscal - Talisma;Secretaria da Fazenda;1;;;atualizar endereço;0;complemento do endereço;CENTRO;TALISMA;TO;77483000;63 - 1234-5678;atualizar_email@sefaz.to.gov.br;-12.797836;-490929839
169;013.DIDEC;Diretoria de Demonstrações Contábeis;Secretaria da Fazenda;1;;;atualizar endereço;0;complemento do endereço;CENTRO;PALMAS;TO;77015585;63 - 1234-5678;atualizar_email@sefaz.to.gov.br;-10.1689;-483317
170;013.CRADPNA;Coordenadoria Regional de Administração - Porto Nacional;Secretaria da Fazenda;1;;;atualizar endereço;0;complemento do endereço;CENTRO;PORTO NACIONAL;TO;77500000;68 - 1234-5678;atualizar_email@sefaz.to.gov.br;-10.7019786;-484110952
171;013.ASIP;Assessoria de Integração e Pesquisa;Secretaria da Fazenda;1;;;atualizar endereço;0;complemento do endereço;CENTRO;PALMAS;TO;77006586;63 - 1234-5678;atualizar_email@sefaz.to.gov.br;-10.1689;-483317
172;013.DIREXEFIN;Diretoria de Execução Financeira;Secretaria da Fazenda;1;;;atualizar endereço;0;complemento do endereço;CENTRO;PALMAS;TO;77001877;63 - 1234-5678;atualizar_email@sefaz.to.gov.br;-10.1689;-483317
173;013.AGEATPIN;Agência de Atendimento de Pindorama do Tocantins;Secretaria da Fazenda;1;;;atualizar endereço;0;complemento do endereço;CENTRO;PINDORAMA DO TOCANTINS;TO;77380000;63 - 1234-5678;atualizar_email@sefaz.to.gov.br;-11.131074;-4757263
174;013.AGEATPJB;Agência de Atendimento de Ponte Alta do Bom Jesus;Secretaria da Fazenda;1;;;atualizar endereço;0;complemento do endereço;CENTRO;PONTE ALTA DO BOM JESUS;TO;77315000;63 - 1234-5678;atualizar_email@sefaz.to.gov.br;-12.0873615;-464785732
175;013.AGEATPOT;Agência de Atendimento de Ponte Alta do Tocantins;Secretaria da Fazenda;1;;;atualizar endereço;0;complemento do endereço;CENTRO;PONTE ALTA DO TOCANTINS;TO;77590000;63 - 1234-5678;atualizar_email@sefaz.to.gov.br;-10.7454591;-475374479
176;013.GEIPLE;Gerência de IPVA e Leilões;Secretaria da Fazenda;1;;;atualizar endereço;0;complemento do endereço;CENTRO;PALMAS;TO;77022076;63 - 1234-5678;atualizar_email@sefaz.to.gov.br;-10.1689;-483317
177;013.ASLAF;Assessoria de Laboratório Forense;Secretaria da Fazenda;1;;;atualizar endereço;0;complemento do endereço;CENTRO;PALMAS;TO;77001000;63 - 1234-5678;atualizar_email@sefaz.to.gov.br;-10.1689;-483317
178;013.DIGEP;Diretoria de Gestão de Pessoas;Secretaria da Fazenda;1;;;atualizar endereço;0;complemento do endereço;CENTRO;PALMAS;TO;77015426;63 - 1234-5678;atualizar_email@sefaz.to.gov.br;-10.1689;-483317
179;013.ASPLA;Assessoria de Planejamento;Secretaria da Fazenda;1;;;atualizar endereço;0;complemento do endereço;CENTRO;PALMAS;TO;77015314;63 - 1234-5678;atualizar_email@sefaz.to.gov.br;-10.1689;-483317
180;013.GASEGT;Gabinete do Secretário Exec de Gestão Tributária;Secretaria da Fazenda;1;;;atualizar endereço;0;complemento do endereço;CENTRO;PALMAS;TO;77001000;63 - 1234-5678;atualizar_email@sefaz.to.gov.br;-10.1689;-483317
181;013.GITCMD;Gerência de ITCMD;Secretaria da Fazenda;1;;;atualizar endereço;0;complemento do endereço;CENTRO;PALMAS;TO;77001724;63 - 1234-5678;atualizar_email@sefaz.to.gov.br;-10.1689;-483317
182;013.CRADPTO;Coordenadoria Regional de Administração - Paraiso;Secretaria da Fazenda;1;;;atualizar endereço;0;complemento do endereço;CENTRO;PARAÍSO DO TOCANTINS;TO;77600000;63 - 1234-5678;atualizar_email@sefaz.to.gov.br;-10.1752474;-48886759
183;013.CRADTAG;Coordenadoria Regional de Administração - Taguatinga;Secretaria da Fazenda;1;;;atualizar endereço;0;complemento do endereço;CENTRO;TAGUATINGA;TO;77320000;63 - 1234-5678;atualizar_email@sefaz.to.gov.br;-12.402404;-464365769
184;013.POSFISTRA;Posto Fiscal - Transamazonica;Secretaria da Fazenda;1;;;atualizar endereço;0;complemento do endereço;CENTRO;AUGUSTINOPOLIS;TO;77960000;63 - 1234-5678;atualizar_email@sefaz.to.gov.br;-5.4689;-478844
185;013.AGEATPNA;Agência de Atendimento de Porto Nacional;Secretaria da Fazenda;1;;;atualizar endereço;0;complemento do endereço;CENTRO;PORTO NACIONAL;TO;77500000;63 - 1234-5678;atualizar_email@sefaz.to.gov.br;-10.7019786;-484110952
186;013.GEINFAZ;Gerência de Monitoramento e Insp Adm Fazendária;Secretaria da Fazenda;1;;;atualizar endereço;0;complemento do endereço;CENTRO;PALMAS;TO;77016352;63 - 1234-5678;atualizar_email@sefaz.to.gov.br;-10.1689;-483317
187;013.CRADTOC;Coordenadoria Regional de Administração - Tocantinópolis;Secretaria da Fazenda;1;;;atualizar endereço;0;complemento do endereço;CENTRO;TOCANTINÓPOLIS;TO;77900000;63 - 1234-5678;atualizar_email@sefaz.to.gov.br;-6.3280931;-474217673
188;013.CRAGUR;Coordenadoria Regional de Arrecadação - Gurupi;Secretaria da Fazenda;1;;;atualizar endereço;0;complemento do endereço;CENTRO;GURUPI;TO;77400000;63 - 1234-5678;atualizar_email@sefaz.to.gov.br;-11.7292;-490686
189;013.GENAC;Gerência de Normas para a apuração de Custos;Secretaria da Fazenda;1;;;atualizar endereço;0;complemento do endereço;CENTRO;PALMAS;TO;77002026;63 - 1234-5678;atualizar_email@sefaz.to.gov.br;-10.1689;-483317
190;013.GENOR;Gerência de Normatização;Secretaria da Fazenda;1;;;atualizar endereço;0;complemento do endereço;CENTRO;PALMAS;TO;77020116;63 - 1234-5678;atualizar_email@sefaz.to.gov.br;-10.1689;-483317
191;013.GENOCON;Gerência de Normatização Contábil;Secretaria da Fazenda;1;;;atualizar endereço;0;complemento do endereço;CENTRO;PALMAS;TO;77006070;63 - 1234-5678;atualizar_email@sefaz.to.gov.br;-10.1689;-483317
192;013.GEPFI;Gerência de Planejamento Financeiro;Secretaria da Fazenda;1;;;atualizar endereço;0;complemento do endereço;CENTRO;PALMAS;TO;77064544;63 - 1234-5678;atualizar_email@sefaz.to.gov.br;-10.1689;-483317
193;013.GEPROC;Gerência de Processos e Procedimentos;Secretaria da Fazenda;1;;;atualizar endereço;0;complemento do endereço;CENTRO;PALMAS;TO;77015278;63 - 1234-5678;atualizar_email@sefaz.to.gov.br;-10.1689;-483317
194;013.GECAED;Gerência de Programação, Capacit e Educação;Secretaria da Fazenda;1;;;atualizar endereço;0;complemento do endereço;CENTRO;PALMAS;TO;77024506;63 - 1234-5678;atualizar_email@sefaz.to.gov.br;;-101689
195;013.POFIBEI;Posto Fiscal - Bezerra I;Secretaria da Fazenda;1;;;atualizar endereço;0;complemento do endereço;CENTRO;ARRAIAS;TO;77330000;63 - 1234-5678;atualizar_email@sefaz.to.gov.br;-12.9294;-469394
196;013.POSFISCAS;Posto Fiscal - Caseara;Secretaria da Fazenda;1;;;atualizar endereço;0;complemento do endereço;CENTRO;CASEARA;TO;77680000;63 - 1234-5678;atualizar_email@sefaz.to.gov.br;-9.273159;-499576837
197;013.CRAMIT;Coordenadoria Regional de Arrecadação - Miracema;Secretaria da Fazenda;1;;;atualizar endereço;0;complemento do endereço;CENTRO;MIRACEMA DO TOCANTINS;TO;77650000;68 - 1234-5678;atualizar_email@sefaz.to.gov.br;-9.5644;-483944
198;013.POFICOMA;Posto Fiscal - Couto Magalhaes;Secretaria da Fazenda;1;;;atualizar endereço;0;complemento do endereço;CENTRO;COUTO MAGALHAES;TO;77750000;63 - 1234-5678;atualizar_email@sefaz.to.gov.br;-8.2944;-482744
199;013.CRAPAL;Coordenadoria Regional de Arrecadação - Palmas;Secretaria da Fazenda;1;;;atualizar endereço;0;complemento do endereço;CENTRO;PALMAS;TO;77249899;63 - 1234-5678;atualizar_email@sefaz.to.gov.br;-10.1689;-483317
200;013.GERCOM;Gerência de Redes e Comunicação;Secretaria da Fazenda;1;;;atualizar endereço;0;complemento do endereço;CENTRO;PALMAS;TO;77006794;63 - 1234-5678;atualizar_email@sefaz.to.gov.br;-10.1689;-483317
201;013.GESDI;Gerência de Segurança Digital;Secretaria da Fazenda;1;;;atualizar endereço;0;complemento do endereço;CENTRO;PALMAS;TO;77016746;63 - 1234-5678;atualizar_email@sefaz.to.gov.br;-10.1689;-483317
202;013.GESDAT;Gerência de Servidores e Data Center;Secretaria da Fazenda;1;;;atualizar endereço;0;complemento do endereço;CENTRO;PALMAS;TO;77001564;63 - 1234-5678;atualizar_email@sefaz.to.gov.br;-10.1689;-483317
203;013.CRAPEF;Coordenadoria Regional de Arrecadação - Pedro Afonso;Secretaria da Fazenda;1;;;atualizar endereço;0;complemento do endereço;CENTRO;PEDRO AFONSO;TO;77710000;63 - 1234-5678;atualizar_email@sefaz.to.gov.br;-8.9694;-481744
204;013.GESFIN;Gerência de Sistemas Financeiros;Secretaria da Fazenda;1;;;atualizar endereço;0;complemento do endereço;CENTRO;PALMAS;TO;77022372;63 - 1234-5678;atualizar_email@sefaz.to.gov.br;-10.1689;-483317
205;013.CRAPEF;Coordenadoria Regional de Arrecadação - Porto Nacional;Secretaria da Fazenda;1;;;atualizar endereço;0;complemento do endereço;CENTRO;PORTO NACIONAL;TO;77500000;63 - 1234-5678;atualizar_email@sefaz.to.gov.br;-10.7019786;-484110952
206;013.CRAPTO;Coordenadoria Regional de Arrecadação - Paraiso;Secretaria da Fazenda;1;;;atualizar endereço;0;complemento do endereço;CENTRO;PARAISO DO TOCANTINS;TO;77600000;63 - 1234-5678;atualizar_email@sefaz.to.gov.br;-10.1756;-488822
207;013.CRATAG;Coordenadoria Regional de Arrecadação - Taguatinga;Secretaria da Fazenda;1;;;atualizar endereço;0;complemento do endereço;CENTRO;TAGUATINGA;TO;77320000;63 - 1234-5678;atualizar_email@sefaz.to.gov.br;-12.402404;-464365769
208;013.CRATOC;Coordenadoria Regional de Arrecadação - Tocantinópolis;Secretaria da Fazenda;1;;;atualizar endereço;0;complemento do endereço;CENTRO;TOCANTINOPOLIS;TO;77900000;63 - 1234-5678;atualizar_email@sefaz.to.gov.br;-6.3356;-474211
209;013.POFIDUPO;Posto Fiscal - Duas Pontes;Secretaria da Fazenda;1;;;atualizar endereço;0;complemento do endereço;CENTRO;TAGUATINGA;TO;77320000;63 - 1234-5678;atualizar_email@sefaz.to.gov.br;-12.402404;-464365769
210;013.GESITRI;Gerência de Sistemas Tributários;Secretaria da Fazenda;1;;;atualizar endereço;0;complemento do endereço;CENTRO;PALMAS;TO;77006268;63 - 1234-5678;atualizar_email@sefaz.to.gov.br;-10.1689;-483317
211;013.AGEATPRK;Agência de Atendimento de Presidente Kennedy;Secretaria da Fazenda;1;;;atualizar endereço;0;complemento do endereço;CENTRO;PRESIDENTE KENNEDY;TO;77745000;63 - 1234-5678;atualizar_email@sefaz.to.gov.br;-8.5340643;-485060747
212;013.AGEATPUG;Agência de Atendimento de Pugmil;Secretaria da Fazenda;1;;;atualizar endereço;0;complemento do endereço;CENTRO;PUGMIL;TO;77600000;63 - 1234-5678;atualizar_email@sefaz.to.gov.br;-10.4255161;-488969824
213;013.GESUT;Gerência de Substituição Tributária;Secretaria da Fazenda;1;;;atualizar endereço;0;complemento do endereço;CENTRO;PALMAS;TO;77021600;63 - 1234-5678;atualizar_email@sefaz.to.gov.br;-10.1689;-483317
214;013.DRRET;Delegacia Regional de Fiscalização - Taguatinga;Secretaria da Fazenda;1;;;atualizar endereço;0;complemento do endereço;CENTRO;TAGUATINGA;TO;77320000;63 - 1234-5678;atualizar_email@sefaz.to.gov.br;-12.402404;-464365769
215;013.AGEATRIC;Agência de Atendimento de Riachinho;Secretaria da Fazenda;1;;;atualizar endereço;0;complemento do endereço;CENTRO;RIACHINHO;TO;77893000;63 - 1234-5678;atualizar_email@sefaz.to.gov.br;-6.4426372;-48137969
216;013.AGEATRBO;Agência de Atendimento de Rio dos Bois;Secretaria da Fazenda;1;;;atualizar endereço;0;complemento do endereço;CENTRO;RIO DOS BOIS;TO;77655000;63 - 1234-5678;atualizar_email@sefaz.to.gov.br;-9.3412231;-485349207
217;013.AGEATRSO;Agência de Atendimento de Rio Sono;Secretaria da Fazenda;1;;;atualizar endereço;0;complemento do endereço;CENTRO;RIO SONO;TO;77635000;63 - 1234-5678;atualizar_email@sefaz.to.gov.br;-9.3442508;-478998831
218;013.DRRET2;Delegacia Regional de Fiscalização - Tocantinopolis;Secretaria da Fazenda;1;;;atualizar endereço;0;complemento do endereço;CENTRO;ARAGUAINA;TO;77823015;63 - 1234-5678;atualizar_email@sefaz.to.gov.br;-7.191;-482072
219;013.GESOP;Gerência de Suporte e Operações;Secretaria da Fazenda;1;;;atualizar endereço;0;complemento do endereço;CENTRO;PALMAS;TO;77006427;63 - 1234-5678;atualizar_email@sefaz.to.gov.br;-10.1689;-483317
220;013.ASPOT;Assessoria de Política Tributária;Secretaria da Fazenda;1;;;atualizar endereço;0;complemento do endereço;CENTRO;PALMAS;TO;77015223;63 - 1234-5678;atualizar_email@sefaz.to.gov.br;-10.1689;-483317
221;013.AGEATSAN;Agência de Atendimento de Sandolândia;Secretaria da Fazenda;1;;;atualizar endereço;0;complemento do endereço;CENTRO;SANDOLANDIA;TO;77478000;63 - 1234-5678;atualizar_email@sefaz.to.gov.br;-12.5389465;-499285958
222;013.GETHO;Gerência de Testes e Homologação;Secretaria da Fazenda;1;;;atualizar endereço;0;complemento do endereço;CENTRO;PALMAS;TO;77060034;63 - 1234-5678;atualizar_email@sefaz.to.gov.br;-10.1689;-483317
223;013.AGEATSFE;Agência de Atendimento de Santa Fé do Araguaia;Secretaria da Fazenda;1;;;atualizar endereço;0;complemento do endereço;CENTRO;SANTA FE;TO;77823120;63 - 1234-5678;atualizar_email@sefaz.to.gov.br;-9.937939;-49513324
224;013.CRF;Coordenadoria Regional de Administração - Gurupi;Secretaria da Fazenda;1;;;atualizar endereço;0;complemento do endereço;CENTRO;GURUPI;TO;77405160;68 - 1234-5678;atualizar_email@sefaz.to.gov.br;-11.7292;-490686
225;013.AGEATSMA;Agência de Atendimento de Santa Maria do Tocantins;Secretaria da Fazenda;1;;;atualizar endereço;0;complemento do endereço;CENTRO;SANTA MARIA DO TOCANTINS;TO;77716000;63 - 1234-5678;atualizar_email@sefaz.to.gov.br;-8.7752144;-477482956
226;013.GETRANS;Gerência de Transporte;Secretaria da Fazenda;1;;;atualizar endereço;0;complemento do endereço;CENTRO;PALMAS;TO;77006742;63 - 1234-5678;atualizar_email@sefaz.to.gov.br;-10.1689;-483317
227;013.SUASJUR;Superintendência de Assuntos Jurídicos;Secretaria da Fazenda;1;;;atualizar endereço;0;complemento do endereço;CENTRO;PALMAS;TO;77018522;63 - 1234-5678;atualizar_email@sefaz.to.gov.br;-10.1689;-483317
228;013.AGEATSRI;Agência de Atendimento de Santa Rita do Tocantins;Secretaria da Fazenda;1;;;atualizar endereço;0;complemento do endereço;CENTRO;SANTA RITA DO TOCANTINS;TO;77565000;63 - 1234-5678;atualizar_email@sefaz.to.gov.br;-10.8643623;-489082979
229;013.AGEATSRO;Agência de Atendimento de Santa Rosa do Tocantins;Secretaria da Fazenda;1;;;atualizar endereço;0;complemento do endereço;CENTRO;SANTA ROSA DO TOCANTINS;TO;77375000;63 - 1234-5678;atualizar_email@sefaz.to.gov.br;-11.447392;-48121627
230;013.ASMED;Assessoria de Social Media e Design;Secretaria da Fazenda;1;;;atualizar endereço;0;complemento do endereço;CENTRO;PALMAS;TO;7727000;63 - 1234-5678;atualizar_email@sefaz.to.gov.br;-10.1689;-483317
231;013.AGEATSBT;Agência de Atendimento de São Bento do Tocantins;Secretaria da Fazenda;1;;;atualizar endereço;0;complemento do endereço;CENTRO;SAO BENTO DO TOCANTINS;TO;77958000;63 - 1234-5678;atualizar_email@sefaz.to.gov.br;-6.021853;-47900057
232;013.ASCOM;Assessoria Econômica;Secretaria da Fazenda;1;;;atualizar endereço;0;complemento do endereço;CENTRO;PALMAS;TO;77003310;63 - 1234-5678;atualizar_email@sefaz.to.gov.br;-10.1689;-483317
233;013.GETEC;Gerência de Tribut de Energia e Comunicação;Secretaria da Fazenda;1;;;atualizar endereço;0;complemento do endereço;CENTRO;PALMAS;TO;77020558;63 - 1234-5678;atualizar_email@sefaz.to.gov.br;-10.1689;-483317
234;013.AGEATSMT;Agência de Atendimento de São Miguel do Tocantins;Secretaria da Fazenda;1;;;atualizar endereço;0;complemento do endereço;CENTRO;SAO MIGUEL;TO;77925000;63 - 1234-5678;atualizar_email@sefaz.to.gov.br;-11.5949149;-485284742
235;013.CRFAGI;Coordenadoria Regional de Fiscalização - Araguatins;Secretaria da Fazenda;1;;;atualizar endereço;0;complemento do endereço;CENTRO;ARAGUATINS;TO;77950000;63 - 1234-5678;atualizar_email@sefaz.to.gov.br;-5.6489;-481244
236;013.AGEATSIL;Agência de Atendimento de Silvanópolis;Secretaria da Fazenda;1;;;atualizar endereço;0;complemento do endereço;CENTRO;SILVANOPOLIS;TO;77580000;63 - 1234-5678;atualizar_email@sefaz.to.gov.br;-11.1513516;-481711295
237;013.GETC;Gerência de Tributação de Combustível;Secretaria da Fazenda;1;;;atualizar endereço;0;complemento do endereço;CENTRO;PALMAS;TO;77015318;63 - 1234-5678;atualizar_email@sefaz.to.gov.br;-10.1689;-483317
238;013.POSFISFIL;Posto Fiscal - Filadelfia;Secretaria da Fazenda;1;;;atualizar endereço;0;complemento do endereço;CENTRO;FILADELFIA;TO;77795000;63 - 1234-5678;atualizar_email@sefaz.to.gov.br;-7.3344;-474744
239;013.GETACE;Gerência de Tributação do Agron e Com Exterior;Secretaria da Fazenda;1;;;atualizar endereço;0;complemento do endereço;CENTRO;PALMAS;TO;77023407;63 - 1234-5678;atualizar_email@sefaz.to.gov.br;-10.1689;-483317
240;013.AGEATSNT;Agência de Atendimento de Sitio Novo do Tocantins;Secretaria da Fazenda;1;;;atualizar endereço;0;complemento do endereço;CENTRO;SITIO NOVO;TO;77940000;63 - 1234-5678;atualizar_email@sefaz.to.gov.br;-5.873495;-47960191
241;013.ASJUR;Assessoria Jurídica;Secretaria da Fazenda;1;;;atualizar endereço;0;complemento do endereço;CENTRO;PALMAS;TO;77016072;63 - 1234-5678;atualizar_email@sefaz.to.gov.br;-10.1689;-483317
242;013.DIGECE;Diretoria de Gestão do Caixa Estadual;Secretaria da Fazenda;1;;;atualizar endereço;0;complemento do endereço;CENTRO;PALMAS;TO;77019516;63 - 1234-5678;atualizar_email@sefaz.to.gov.br;-10.1689;-483317
243;013.POFIJATO;Posto Fiscal - Jau do Tocantins;Secretaria da Fazenda;1;;;atualizar endereço;0;complemento do endereço;CENTRO;JAU DO TOCANTINS;TO;77450000;63 - 1234-5678;atualizar_email@sefaz.to.gov.br;-12.6526649;-485922532
244;013.GIRC;Gerência de Implementação de Rotinas Contábeis;Secretaria da Fazenda;1;;;atualizar endereço;0;complemento do endereço;CENTRO;PALMAS;TO;77022388;63 - 1234-5678;atualizar_email@sefaz.to.gov.br;-10.1689;-483317
245;013.POSFISLEV;Posto Fiscal - Levantado;Secretaria da Fazenda;1;;;atualizar endereço;0;complemento do endereço;CENTRO;TAGUATINGA;TO;77320000;63 - 1234-5678;atualizar_email@sefaz.to.gov.br;-12.402404;-464365769
246;013.CRFALV;Coordenadoria Regional de Fiscalização - Alvorada;Secretaria da Fazenda;1;;;atualizar endereço;0;complemento do endereço;CENTRO;ALVORADA;TO;77480000;63 - 1234-5678;atualizar_email@sefaz.to.gov.br;-12.4844;-491244
247;013.AGEATTAB;Agência de Atendimento de Tabocão;Secretaria da Fazenda;1;;;atualizar endereço;0;complemento do endereço;CENTRO;FORTALEZA DO TABOCAO;TO;77708000;63 - 1234-5678;atualizar_email@sefaz.to.gov.br;-9.0565211;-485216745
248;013.CRFARA;Coordenadoria Regional de Fiscalização - Araguaína;Secretaria da Fazenda;1;;;atualizar endereço;0;complemento do endereço;CENTRO;ARAGUAINA;TO;77818180;63 - 1234-5678;atualizar_email@sefaz.to.gov.br;-7.191;-482072
249;013.POFINOAL;Posto Fiscal - Novo Alegre;Secretaria da Fazenda;1;;;atualizar endereço;0;complemento do endereço;CENTRO;NOVO ALEGRE;TO;77353000;63 - 1234-5678;atualizar_email@sefaz.to.gov.br;-12.915134;-465740939
250;013.GEGADM;Gerência Geral de Administração;Secretaria da Fazenda;1;;;atualizar endereço;0;complemento do endereço;CENTRO;PALMAS;TO;77249899;63 - 1234-5678;atualizar_email@sefaz.to.gov.br;-10.1689;-483317
251;013.DIGCON;Diretoria de Grandes Contribuintes;Secretaria da Fazenda;1;;;atualizar endereço;0;complemento do endereço;CENTRO;PALMAS;TO;77060158;68 - 1234-5678;atualizar_email@sefaz.to.gov.br;-10.1689;-483317
252;013.SUCOLI;Superintendência de Compras e Central de Licitação;Secretaria da Fazenda;1;;;atualizar endereço;0;complemento do endereço;CENTRO;PALMAS;TO;77025464;63 - 1234-5678;atualizar_email@sefaz.to.gov.br;-10.1689;-483317
253;013.GABSEXT;Gabinete do Secretario Executivo do Tesouro;Secretaria da Fazenda;1;;;atualizar endereço;0;complemento do endereço;CENTRO;PALMAS;TO;77015468;63 - 1234-5678;atualizar_email@sefaz.to.gov.br;-10.1689;-483317
254;013.AGEATTAG;Agência de Atendimento de Taguatinga;Secretaria da Fazenda;1;;;atualizar endereço;0;complemento do endereço;CENTRO;TAGUATINGA;TO;77300000;63 - 1234-5678;atualizar_email@sefaz.to.gov.br;-12.402404;-464365769
255;013.POFISEGE;Posto Fiscal - Serra Geral;Secretaria da Fazenda;1;;;atualizar endereço;0;complemento do endereço;CENTRO;TAGUATINGA;TO;77320000;63 - 1234-5678;atualizar_email@sefaz.to.gov.br;-12.402404;-464365769
256;013.DINFIS;Diretoria de Informações Econômicas e Fiscais;Secretaria da Fazenda;1;;;atualizar endereço;0;complemento do endereço;CENTRO;PALMAS;TO;77021600;63 - 1234-5678;atualizar_email@sefaz.to.gov.br;-10.1689;-483317
257;013.GIRC;Gerência de Implementação de Rotinas Contábeis;Secretaria da Fazenda;1;;;atualizar endereço;0;complemento do endereço;CENTRO;PALMAS;TO;77019427;63 - 1234-5678;atualizar_email@sefaz.to.gov.br;-10.1689;-483317
258;013.AGEATTAL;Agência de Atendimento de Talismã;Secretaria da Fazenda;1;;;atualizar endereço;0;complemento do endereço;CENTRO;TALISMA;TO;77483000;63 - 1234-5678;atualizar_email@sefaz.to.gov.br;-12.797836;-490929839
259;013.CRFCOL;Coordenadoria Regional de Fiscalização - Colinas;Secretaria da Fazenda;1;;;atualizar endereço;0;complemento do endereço;CENTRO;COLINAS DO TOCANTINS;TO;77760000;63 - 1234-5678;atualizar_email@sefaz.to.gov.br;-8.0594;-484744
260;013.GABSEXT;Gabinete do Secretario Executivo do Tesouro;Secretaria da Fazenda;1;;;atualizar endereço;0;complemento do endereço;CENTRO;PALMAS;TO;77023567;63 - 1234-5678;atualizar_email@sefaz.to.gov.br;-10.1689;-483317
261;013.CRFGUR;Coordenadoria Regional de Fiscalização - Gurupi;Secretaria da Fazenda;1;;;atualizar endereço;0;complemento do endereço;CENTRO;GURUPI;TO;77400000;63 - 1234-5678;atualizar_email@sefaz.to.gov.br;-11.7292;-490686
262;013.CRFMIT;Coordenadoria Regional de Fiscalização - Miracema;Secretaria da Fazenda;1;;;atualizar endereço;0;complemento do endereço;CENTRO;MIRACEMA DO TOCANTINS;TO;77660000;63 - 1234-5678;atualizar_email@sefaz.to.gov.br;-9.5644;-483944
263;013.DINFRA;Diretoria de Infraestrutura;Secretaria da Fazenda;1;;;atualizar endereço;0;complemento do endereço;CENTRO;PALMAS;TO;77001000;63 - 1234-5678;atualizar_email@sefaz.to.gov.br;-10.1689;-483317
264;013.AGEATTAQ;Agência de Atendimento de Taquaralto;Secretaria da Fazenda;1;;;atualizar endereço;0;complemento do endereço;CENTRO;PALMAS;TO;77001000;63 - 1234-5678;atualizar_email@sefaz.to.gov.br;-10.1689;-483317
265;013.DIN;Diretoria de Inovação;Secretaria da Fazenda;1;;;atualizar endereço;0;complemento do endereço;CENTRO;PALMAS;TO;77760000;63 - 1234-5678;atualizar_email@sefaz.to.gov.br;-10.1689;-483317
266;013.DIF;Diretoria de Inteligência Fiscal;Secretaria da Fazenda;1;;;atualizar endereço;0;complemento do endereço;CENTRO;PALMAS;TO;77020072;63 - 1234-5678;atualizar_email@sefaz.to.gov.br;-10.1689;-483317
267;013.MCPPDS;Membro Com P Proc Disc Sindicâncias e Revisão;Secretaria da Fazenda;1;;;atualizar endereço;0;complemento do endereço;CENTRO;PALMAS;TO;77020502;63 - 1234-5678;atualizar_email@sefaz.to.gov.br;-10.1689;-483317
268;013.DILIC;Diretoria de Licitação;Secretaria da Fazenda;1;;;atualizar endereço;0;complemento do endereço;CENTRO;PALMAS;TO;77002011;63 - 1234-5678;atualizar_email@sefaz.to.gov.br;-10.1689;-483317
269;013.DIRESF;Diretoria de Responsabilidade Fiscal;Secretaria da Fazenda;1;;;atualizar endereço;0;complemento do endereço;CENTRO;PALMAS;TO;77066024;63 - 1234-5678;atualizar_email@sefaz.to.gov.br;-10.1689;-483317
270;013.DICORP;Diretoria de Sistemas Corporativos;Secretaria da Fazenda;1;;;atualizar endereço;0;complemento do endereço;CENTRO;PALMAS;TO;77006572;63 - 1234-5678;atualizar_email@sefaz.to.gov.br;-10.1689;-483317
271;013.DITRIB;Diretoria de Tributação;Secretaria da Fazenda;1;;;atualizar endereço;0;complemento do endereço;CENTRO;PALMAS;TO;77016424;63 - 1234-5678;atualizar_email@sefaz.to.gov.br;-10.1689;-483317
272;013.OUVFA;Ouvidoria Fazendária;Secretaria da Fazenda;1;;;atualizar endereço;0;complemento do endereço;CENTRO;PALMAS;TO;77006128;63 - 1234-5678;atualizar_email@sefaz.to.gov.br;-10.1689;-483317
273;013.AGEATTCN;Agência de Atendimento de Tocantínia;Secretaria da Fazenda;1;;;atualizar endereço;0;complemento do endereço;CENTRO;TOCANTINIA;TO;77640000;63 - 1234-5678;atualizar_email@sefaz.to.gov.br;-9.563198;-48374104
274;013.AGEATTOC;Agência de Atendimento de Tocantinópolis;Secretaria da Fazenda;1;;;atualizar endereço;0;complemento do endereço;CENTRO;TOCANTINOPOLIS;TO;77900000;63 - 1234-5678;atualizar_email@sefaz.to.gov.br;-6.3356;-474211
275;013.PRESCONT;Presidência do Contencioso Adm Tributário;Secretaria da Fazenda;1;;;atualizar endereço;0;complemento do endereço;CENTRO;PALMAS;TO;77022392;63 - 1234-5678;atualizar_email@sefaz.to.gov.br;-10.1689;-483317
276;013.CRFPAL;Coordenadoria Regional de Fiscalização - Palmas;Secretaria da Fazenda;1;;;atualizar endereço;0;complemento do endereço;CENTRO;PALMAS;TO;77021686;63 - 1234-5678;atualizar_email@sefaz.to.gov.br;-10.1689;-483317
277;013.CRFPEF;Coordenadoria Regional de Fiscalização - Pedro Afonso;Secretaria da Fazenda;1;;;atualizar endereço;0;complemento do endereço;CENTRO;PALMAS;TO;77000001;63 - 1234-5678;atualizar_email@sefaz.to.gov.br;-10.1689;-483317
278;013.AGEATTUP;Agência de Atendimento de Tupirama;Secretaria da Fazenda;1;;;atualizar endereço;0;complemento do endereço;CENTRO;TUPIRAMA;TO;77704000;68 - 1234-5678;atualizar_email@sefaz.to.gov.br;-8.9746528;-481887392
279;013.AGEATWND;Agência de Atendimento de Wanderlândia;Secretaria da Fazenda;1;;;atualizar endereço;0;complemento do endereço;CENTRO;WANDERLANDIA;TO;77860000;63 - 1234-5678;atualizar_email@sefaz.to.gov.br;-6.8522727;-479653917
280;013.CRFPNA;Coordenadoria Regional de Fiscalização - Porto Nacional;Secretaria da Fazenda;1;;;atualizar endereço;0;complemento do endereço;CENTRO;PORTO NACIONAL;TO;77500000;63 - 1234-5678;atualizar_email@sefaz.to.gov.br;-10.7019786;-484110952
281;013.CRFPTO;Coordenadoria Regional de Fiscalização - Paraiso;Secretaria da Fazenda;1;;;atualizar endereço;0;complemento do endereço;CENTRO;PEDRO AFONSO;TO;77600000;63 - 1234-5678;atualizar_email@sefaz.to.gov.br;-8.9694;-481744
282;013.CRFTAG;Coordenadoria Regional de Fiscalização - Taguatinga;Secretaria da Fazenda;1;;;atualizar endereço;0;complemento do endereço;CENTRO;TAGUATINGA;TO;77320000;63 - 1234-5678;atualizar_email@sefaz.to.gov.br;-12.402404;-464365769
283;013.PCPPDS;Presidente Com P Proc Disc Sindicâncias e Revisão;Secretaria da Fazenda;1;;;atualizar endereço;0;complemento do endereço;CENTRO;PALMAS;TO;77015433;63 - 1234-5678;atualizar_email@sefaz.to.gov.br;-10.1689;-483317
284;013.SUCOG;Superintendência de Contabilidade Geral;Secretaria da Fazenda;1;;;atualizar endereço;0;complemento do endereço;CENTRO;PALMAS;TO;77016638;63 - 1234-5678;atualizar_email@sefaz.to.gov.br;-10.1689;-483317
285;013.CRFTOC;Coordenadoria Regional de Fiscalização - Tocantinópolis;Secretaria da Fazenda;1;;;atualizar endereço;0;complemento do endereço;CENTRO;TOCANTINÓPOLIS;TO;77900000;63 - 1234-5678;atualizar_email@sefaz.to.gov.br;-6.3280931;-474217673
286;013.DIGET;Diretoria Geral de Gestão Tecnológica;Secretaria da Fazenda;1;;;atualizar endereço;0;complemento do endereço;CENTRO;PALMAS;TO;77015264;63 - 1234-5678;atualizar_email@sefaz.to.gov.br;-10.1689;-483317
287;013.AGEATXMB;Agência de Atendimento de Xambioá;Secretaria da Fazenda;1;;;atualizar endereço;0;complemento do endereço;CENTRO;XAMBIOA;TO;77880000;63 - 1234-5678;atualizar_email@sefaz.to.gov.br;-6.4084693;-485336069
288;013.SEGER2;Secretaria-Geral;Secretaria da Fazenda;1;;;atualizar endereço;0;complemento do endereço;CENTRO;PALMAS;TO;77022432;63 - 1234-5678;atualizar_email@sefaz.to.gov.br;-10.1689;-483317
289;013.AGEATMRT;Agência de Atendimento Marianópolis do Tocantins;Secretaria da Fazenda;1;;;atualizar endereço;0;complemento do endereço;CENTRO;MARIANOPOLIS DO TOCANTINS;TO;77675000;63 - 1234-5678;atualizar_email@sefaz.to.gov.br;-9.7962503;-496547174
290;013.AGEATSTT;Agência de Atendimento Santa Tereza do Tocantins;Secretaria da Fazenda;1;;;atualizar endereço;0;complemento do endereço;CENTRO;SANTA TEREZA DO TOCANTINS;TO;77615000;63 - 1234-5678;atualizar_email@sefaz.to.gov.br;-10.2816205;-478091871
291;013.AGEATSAV;Agência de Atendimento São Valério da Natividade;Secretaria da Fazenda;1;;;atualizar endereço;0;complemento do endereço;CENTRO;SAO VALERIO;TO;77390000;63 - 1234-5678;atualizar_email@sefaz.to.gov.br;-11.974315;-48235315
